{
    "width": 640,
    "height": 480,
    "fx": 607.59228515625,
    "fy": 606.738037109375,
    "cx": 315.66650390625,
    "cy": 249.53839111328125
}